PAGE NUMBER,Year,ENTITY NAME,POSITION,LABEL
1636,Unknown,Virginia,558-566,GPE
1637,Unknown,Husband,33-40,GPE
1639,Unknown,Counseil,365-373,GPE
1640,Unknown,Virginia,162-170,GPE
1640,Unknown,Virginia,204-212,GPE
1640,Unknown,Virginia,394-402,GPE
1640,Unknown,Lands,959-964,GPE
1640,Unknown,CV,975-977,GPE
1641,Unknown,Virginia,634-642,GPE
1641,Unknown,Indentures,832-842,LOC
1641,Unknown,Virginia,896-904,GPE
1641,Unknown,Virginia,1191-1199,GPE
1641,Unknown,Treason,1274-1281,GPE
1642,Unknown,Crowne,652-658,GPE
1642,Unknown,Virginia,1020-1028,GPE
1643,Unknown,Virginia,726-734,GPE
1643,Unknown,Midsomer,867-875,GPE
1643,Unknown,Virginia,1054-1062,GPE
1643,Unknown,Virginia,1546-1554,GPE
1643,Unknown,Virginia,1928-1936,GPE
1644,Unknown,Counsel,59-66,GPE
1644,Unknown,Virginia,1483-1491,GPE
1644,Unknown,Virginia,1755-1763,GPE
1644,Unknown,Virginia,1865-1873,GPE
1645,Unknown,Verginia,910-918,GPE
1647,Unknown,VIRGINIA,1158-1166,GPE
1647,Unknown,Virginia,1316-1324,GPE
1648,Unknown,Tunne,264-269,GPE
1648,Unknown,Tunne,612-617,GPE
1648,Unknown,Tunne,687-692,GPE
1649,1620,Tonne,284-289,GPE
1649,1620,England,364-371,GPE
1649,1620,Virginia,494-502,GPE
1649,1620,Tunne,590-595,GPE
1649,1620,Virginia,887-895,GPE
1649,1620,london,1187-1193,GPE
1650,1620,London,67-73,GPE
1650,1620,Virginia,1013-1021,GPE
1650,1620,Virginia,1080-1088,GPE
1650,1620,Virginia,1141-1149,GPE
1650,1620,Threescore,1316-1326,GPE
1650,1620,Virginia,1399-1407,GPE
1650,1620,Virginia,1611-1619,GPE
1651,1620,Virginia,77-85,GPE
1651,1620,Comaundinge,212-223,GPE
1651,1620,England,266-273,GPE
1651,1620,Port,353-357,LOC
1651,1620,Interupt,378-386,GPE
1651,1620,Wittnesse,1075-1084,GPE
1651,1620,Virginia,1182-1190,GPE
1651,1620,England,1310-1317,GPE
1651,1620,Ireland,1330-1337,GPE
1651,1620,Scotland,1345-1353,GPE
1651,1620,Bristoll,1672-1680,GPE
1651,1620,England,1937-1944,GPE
1651,1620,Bristoll,2019-2027,GPE
1653,1620,Cambridge,130-139,GPE
1654,1620,Rochester,73-82,GPE
1654,1620,Chickahominy,467-479,GPE
1655,1620,extrem,634-640,GPE
1656,1620,Esq,1371-1374,GPE
1656,1620,Prestwood,1837-1846,LOC
1656,1620,the County of,1850-1863,GPE
1656,1620,Virginia,2028-2036,GPE
1657,1620,Virginia,332-340,GPE
1657,1620,Berkeley,1311-1319,GPE
1657,1620,Hayles,1715-1721,GPE
1657,1620,Glouc,1739-1744,GPE
1657,1620,Esq,1746-1749,GPE
1657,1620,England,1860-1867,GPE
1657,1620,Cambridge,2122-2131,GPE
1658,1620,Virginia,103-111,GPE
1658,1620,London,1059-1065,GPE
1658,1620,Esq,1617-1620,GPE
1659,1620,Virginia,66-74,GPE
1659,1620,Bristoll,175-183,GPE
1659,1620,Glouc,304-309,GPE
1659,1620,Bristoll,563-571,GPE
1659,1620,Captayne,833-841,GPE
1659,1620,London,1225-1231,GPE
1659,1620,Virginia,1340-1348,GPE
1659,1620,Virginia,2456-2464,GPE
1660,1620,Virginia,1238-1246,GPE
1660,1620,Bristoll,1366-1374,GPE
1660,1620,Virginia,1557-1565,GPE
1660,1620,Virginia,1625-1633,GPE
1661,1620,Virginia,524-532,GPE
1661,1620,England,813-820,GPE
1661,1620,Virginia,827-835,GPE
1661,1620,VIRGINIA,1411-1419,GPE
1661,1620,Virginia,2005-2013,GPE
1662,1620,England,896-903,GPE
1662,1620,Virginia,1001-1009,GPE
1662,1620,Hayles,1372-1378,GPE
1662,1620,Virginia,1544-1552,GPE
1662,1620,Virginia,1669-1677,GPE
1662,1620,Berkeley,1831-1839,GPE
1662,1620,Virginia,2691-2699,GPE
1663,1620,the City of London,148-166,GPE
1663,1620,Virginia,191-199,GPE
1663,1620,Virginia,641-649,GPE
1663,1620,England,1082-1089,GPE
1663,1620,Virginia,1136-1144,GPE
1663,1620,Country,1485-1492,GPE
1663,1620,Virginia,1496-1504,GPE
1663,1620,England France,2225-2239,LOC
1663,1620,Ireland,2244-2251,GPE
1664,1620,Scotland,54-62,GPE
1664,1620,Wanswell,388-396,GPE
1664,1620,Esq,416-419,GPE
1664,1620,Esq,459-462,GPE
1664,1620,Bristoll,980-988,GPE
1664,1620,Virginia,1377-1385,GPE
1664,1620,Virginia,1861-1869,GPE
1664,1620,London,2092-2098,GPE
1664,1620,London,2614-2620,GPE
1665,1620,England,311-318,GPE
1665,1620,Bristoll,544-552,GPE
1665,1620,London,730-736,GPE
1665,1620,London,2214-2220,GPE
1666,1620,Bristoll,760-768,GPE
1666,1620,xvij,856-860,GPE
1666,1620,Payd,2137-2141,GPE
1666,1620,Bristoll,2168-2176,GPE
1667,1620,Bristoll,1045-1053,GPE
1667,1620,London,1103-1109,GPE
1668,1620,Bristoll,1146-1154,GPE
1669,1620,Virginia,1173-1181,GPE
1670,1620,parsnip,723-730,GPE
1670,1620,turnep,749-755,GPE
1670,1620,Bristoll,840-848,GPE
1670,1620,Bristoll,1031-1039,GPE
1670,1620,London,1930-1936,GPE
1671,1620,Bristoll,40-48,GPE
1671,1620,Thorpe,479-485,GPE
1671,1620,xvij,2554-2558,GPE
1672,1620,Bristoll,425-433,GPE
1672,1620,Deane,597-602,GPE
1672,1620,xvj,1209-1212,GPE
1673,1620,Payd,284-288,GPE
1673,1620,Payd,402-406,GPE
1673,1620,Bristoll,611-619,GPE
1673,1620,Payd,672-676,GPE
1673,1620,Virginia,859-867,GPE
1673,1620,Bristoll,1422-1430,GPE
1673,1620,Bristoll,1537-1545,GPE
1674,1620,Payd,110-114,GPE
1674,1620,Hayles,167-173,GPE
1674,1620,Bristoll,177-185,GPE
1674,1620,Virginia,1382-1390,GPE
1674,1620,Straits,1599-1606,LOC
1674,1620,Virginia,1687-1695,GPE
1675,1620,Newfoundland,198-210,GPE
1675,1620,Virginia,1467-1475,GPE
1675,1620,London,1999-2005,GPE
1676,1620,Inned,621-626,GPE
1676,1620,Aprill,804-810,LOC
1676,1620,Virginia,2018-2026,GPE
1677,1620,Bristoll,932-940,GPE
1677,1620,Virginia,968-976,GPE
1677,1620,Bristoll,1505-1513,GPE
1678,1620,England Giles Carter,308-328,LOC
1678,1620,Ireland,367-374,GPE
1678,1620,Virginia,648-656,GPE
1679,1620,Ireland,615-622,GPE
1680,1620,England,1073-1080,GPE
1680,1620,Bristoll,2090-2098,GPE
1681,1620,Wherin,1656-1662,GPE
1682,1620,England,136-143,GPE
1682,1620,huswifry,301-309,GPE
1682,1620,London,829-835,GPE
1683,1620,Virginia,1556-1564,GPE
1684,1620,England,700-707,GPE
1684,1620,England,919-926,GPE
1685,1620,Payd,263-267,GPE
1685,1620,Virginia,553-561,GPE
1685,1620,Payd,563-567,GPE
1685,1620,Virginia,950-958,GPE
1685,1620,Ireland,1169-1176,GPE
1685,1620,Payd,1249-1253,GPE
1685,1620,Virginia,1409-1417,GPE
1685,1620,Marsellis,1421-1430,GPE
1685,1620,London,1452-1458,GPE
1685,1620,Payd,1460-1464,GPE
1685,1620,Virginia,1989-1997,GPE
1686,1620,Payd,37-41,GPE
1686,1620,Virginia,129-137,GPE
1686,1620,Bristoll,815-823,GPE
1686,1620,Virginia,1683-1691,GPE
1686,1620,Bristoll,1864-1872,GPE
1687,1620,Bristoll,56-64,GPE
1687,1620,the City of London,317-335,GPE
1687,1620,Virginia,360-368,GPE
1687,1620,Bristoll,506-514,GPE
1687,1620,Virginia,533-541,GPE
1688,1620,Cambridge,490-499,GPE
1688,1620,Virginia,1005-1013,GPE
1688,1620,Virginia,1178-1186,GPE
1689,1620,Silk,246-250,LOC
1689,1620,Northborn,1509-1518,GPE
1689,1620,London,1636-1642,GPE
1690,1620,Io,1040-1042,LOC
1690,1620,acq.,1200-1204,GPE
1690,1620,Virginia,1847-1855,GPE
1691,1620,Sea,1948-1951,LOC
1692,1620,Garlik,1556-1562,GPE
1694,1620,England,995-1002,GPE
1694,1620,Scotland,1003-1011,GPE
1694,1620,France,1012-1018,GPE
1694,1620,Ireland,1023-1030,GPE
1694,1620,England France,1080-1094,GPE
1694,1620,Ireland,1099-1106,GPE
1694,1620,Scotland,1128-1136,GPE
1694,1620,the County of,1200-1213,GPE
1694,1620,England France,1497-1511,LOC
1694,1620,Ireland,1516-1523,GPE
1694,1620,Scotland,1531-1539,GPE
1694,1620,Virginia,1672-1680,GPE
1694,1620,Virginia,1877-1885,GPE
1695,1620,Virginia,232-240,GPE
1695,1620,Preestwood,685-695,GPE
1695,1620,the County of Buck: Esquire,699-726,GPE
1695,1620,Captaine,749-757,GPE
1695,1620,Virginia,1338-1346,GPE
1695,1620,Virginia,1501-1509,GPE
1695,1620,England,1590-1597,GPE
1695,1620,Virginia,1601-1609,GPE
1695,1620,England,2316-2323,GPE
1696,1620,Country,624-631,GPE
1696,1620,Virginia,635-643,GPE
1697,1620,Merchandize,391-402,GPE
1697,1620,Virginia,1745-1753,GPE
1697,1620,Cambridge,1907-1916,GPE
1698,1620,the Summer Islands,1288-1306,LOC
1698,1620,Virginia,1430-1438,GPE
1698,1620,Northborne,1597-1607,GPE
1698,1620,London,1725-1731,GPE
1700,1620,Juris,898-903,GPE
1700,1620,Jure,980-984,GPE
1700,1620,Warwicke,1591-1599,GPE
1700,1620,London,1681-1687,GPE
1701,1620,properlie,101-110,GPE
1701,1620,Warwicke,412-420,GPE
1701,1620,Virginia,879-887,GPE
1701,1620,London,1185-1191,GPE
1701,1620,London,1387-1393,GPE
1701,1620,London,2212-2218,GPE
1701,1620,Virginia,2233-2241,GPE
1702,1620,Companie,37-45,GPE
1702,1620,Virginia,49-57,GPE
1702,1620,Captaine,85-93,GPE
1702,1620,Virginia,106-114,GPE
1702,1620,Captaine,254-262,GPE
1702,1620,Neptune,318-325,LOC
1702,1620,England,331-338,GPE
1702,1620,Virginia,346-354,GPE
1702,1620,England,518-525,GPE
1702,1620,Virginia,553-561,GPE
1702,1620,Captaine,945-953,GPE
1702,1620,Captaine,1173-1181,GPE
1702,1620,Captaine,1283-1291,GPE
1702,1620,England,1622-1629,GPE
1702,1620,Virginia,1634-1642,GPE
1702,1620,St. Michaells Islands,1759-1780,GPE
1702,1620,Captaine,2255-2263,GPE
1703,1620,Virginia,142-150,GPE
1703,1620,Captaine,556-564,GPE
1703,1620,Virginia,1573-1581,GPE
1703,1620,Virginia,1676-1684,GPE
1704,1620,Captaine,201-209,GPE
1704,1620,Virginia,1386-1394,GPE
1705,1620,Warwicke,395-403,GPE
1705,1620,Persia,869-875,GPE
1705,1620,fieri,1372-1377,GPE
1705,1620,Juris,1570-1575,GPE
1706,1620,Coppye,5-11,GPE
1706,1620,England,56-63,GPE
1706,1620,Virginia,180-188,GPE
1706,1620,VIRGINIA,258-266,GPE
1706,1620,England,549-556,GPE
1706,1620,England,1614-1621,GPE
1708,1620,Virginia,52-60,GPE
1708,1620,the Colony of Virginia,254-276,LOC
1709,1620,Ps Es,227-232,GPE
1710,1620,England,341-348,GPE
1710,1620,Merchandize,374-385,GPE
1710,1620,Pretending,526-536,GPE
1710,1620,Proclamacion,1897-1909,GPE
1710,1620,dutye,2117-2122,GPE
1710,1620,Maᵗᵉs,2145-2150,GPE
1710,1620,Southampton,2226-2237,GPE
1710,1620,Virginea,2343-2351,GPE
1710,1620,London,2356-2362,GPE
1711,1620,Virginia,501-509,GPE
1712,1620,England,189-196,GPE
1712,1620,Virginia,211-219,GPE
1712,1620,Drunkenesse,562-573,GPE
1712,1620,Drunkenesse,709-720,GPE
1712,1620,Drunkenesse,761-772,GPE
1712,1620,Corne,834-839,GPE
1712,1620,Consumed,865-873,GPE
1712,1620,Ale,1224-1227,LOC
1712,1620,Ale,1410-1413,LOC
1712,1620,Virginia,1663-1671,GPE
1713,1620,Towne,1203-1208,GPE
1714,1620,Drunckenesse,667-679,GPE
1714,1620,Ireland,905-912,GPE
1714,1620,Scotland,969-977,GPE
1714,1620,Drunckenesse,1066-1078,GPE
1714,1620,Workemen,1347-1355,GPE
1714,1620,Drunckenesse,1512-1524,GPE
1714,1620,Corne,1592-1597,GPE
1714,1620,Continue,1711-1719,GPE
1715,1620,Villages,392-400,GPE
1715,1620,Ale,877-880,LOC
1715,1620,Rate,955-959,GPE
1715,1620,Carriage,1329-1337,GPE
1715,1620,Victualler,1835-1845,GPE
1715,1620,England,2110-2117,GPE
1716,1620,England,345-352,GPE
1716,1620,"the County, Citty",601-618,GPE
1716,1620,Towne,633-638,GPE
1716,1620,Libertie,642-650,GPE
1716,1620,Towne,714-719,GPE
1716,1620,Virginia,1030-1038,GPE
1716,1620,Citty,1313-1318,LOC
1716,1620,Towne,1339-1344,GPE
1716,1620,Libertie,1348-1356,GPE
1716,1620,Virginia,2156-2164,GPE
1717,1620,London,1187-1193,GPE
1717,1620,Captaine,1285-1293,GPE
1717,1620,Virginia,1306-1314,GPE
1717,1620,Captaine,1449-1457,GPE
1717,1620,Virginia,1470-1478,GPE
1717,1620,Virginia,1687-1695,GPE
1717,1620,London,1796-1802,GPE
1718,1620,Comming,177-184,GPE
1718,1620,Mansion,524-531,LOC
1718,1620,Southampton,577-588,GPE
1718,1620,West,608-612,LOC
1718,1620,East,726-730,LOC
1718,1620,South,779-784,LOC
1718,1620,maine,794-799,GPE
1718,1620,Marche,2163-2169,LOC
1718,1620,England,2251-2258,GPE
1718,1620,Scotland,2260-2268,GPE
1718,1620,France,2270-2276,GPE
1718,1620,Irland,2281-2287,GPE
1718,1620,Defendour,2294-2303,GPE
1718,1620,England,2330-2337,GPE
1719,1620,Scotland,37-45,GPE
1719,1620,Virginia,704-712,GPE
1720,1620,Our Reigne,1176-1186,GPE
1720,1620,France,1206-1212,GPE
1720,1620,Ireland,1217-1224,GPE
1720,1620,London,1258-1264,GPE
1720,1620,Mᵗʳ,1389-1392,GPE
1721,1620,Virginia,566-574,GPE
1721,1620,Cambridge,696-705,GPE
1722,1621,Innocencye,1547-1557,GPE
1723,1621,Maiestye,931-939,GPE
1723,1621,valientlye,1609-1619,GPE
1723,1621,Muske Ratte,1631-1642,GPE
1723,1621,Virginia,2248-2256,GPE
1724,1621,Newfoundland,298-310,GPE
1724,1621,Virginia,312-320,GPE
1724,1621,New-England,322-333,GPE
1724,1621,America,372-379,GPE
1724,1621,Seamen,1283-1289,GPE
1724,1621,Sea,1726-1729,LOC
1724,1621,Continue,1794-1802,GPE
1725,1621,New-England,201-212,LOC
1725,1621,Sea,269-272,LOC
1725,1621,England,397-404,GPE
1725,1621,England,1336-1343,GPE
1725,1621,Wales,1356-1361,GPE
1725,1621,Boates,2133-2139,GPE
1725,1621,Newfoundland,2442-2454,GPE
1725,1621,Virginia,2455-2463,GPE
1725,1621,New-England,2468-2479,GPE
1725,1621,America,2553-2560,GPE
1726,1621,Cambridge,493-502,GPE
1727,1621,England,1252-1259,GPE
1728,1621,Virginia,337-345,GPE
1728,1621,St. Martins,445-456,GPE
1728,1621,London,465-471,GPE
1728,1621,Cambridge,587-596,GPE
1728,1621,Virginia,992-1000,GPE
1728,1621,Virginia,1682-1690,GPE
1729,1621,Virginia,272-280,GPE
1729,1621,Virginia,400-408,GPE
1729,1621,CLXIII,423-429,GPE
1729,1621,Virginia,1359-1367,GPE
1730,1681,Virginia,1544-1552,GPE
1730,1681,London,1557-1563,GPE
1731,1681,Cambridge,167-176,GPE
1732,1621,England,38-45,GPE
1732,1621,Bristoll,460-468,GPE
1732,1621,Stamford,823-831,GPE
1732,1621,Crowne,847-853,GPE
1732,1621,Virginia,2051-2059,GPE
1733,1621,Cambridge,325-334,GPE
1734,1621,Capital,1273-1280,GPE
1735,1621,England,1795-1802,GPE
1736,1621,Selfe,722-727,GPE
1736,1621,England,731-738,GPE
1736,1621,England,1846-1853,GPE
1738,1621,Lesse,195-200,GPE
1738,1621,Henrico,1221-1228,GPE
1739,1621,Cambridge,146-155,GPE
1739,1621,yo[u,764-768,GPE
1739,1621,yo[u,809-813,GPE
1739,1621,Virginia,869-877,GPE
1739,1621,yo[u,904-908,GPE
1739,1621,Virginia,1195-1203,GPE
1739,1621,"the George

2",1448-1461,LOC
1739,1621,DD,1569-1571,GPE
1740,1621,Conceaue,1013-1021,GPE
1740,1621,Corrupted,1151-1160,GPE
1740,1621,England,1323-1330,GPE
1741,1621,Lodginge,988-996,GPE
1741,1621,Bay,1457-1460,LOC
1742,1621,Virginia,184-192,GPE
1742,1621,Country,791-798,GPE
1742,1621,Italie,925-931,GPE
1742,1621,Virginia,1812-1820,GPE
1743,1621,Tres,164-168,GPE
1743,1621,Virginia,629-637,GPE
1743,1621,Cambridge,849-858,GPE
1743,1621,Southampton,1003-1014,GPE
1744,1621,New England,1295-1306,LOC
1744,1621,Colonies,1547-1555,GPE
1745,1621,Colonies,289-297,GPE
1745,1621,att Sea,310-317,LOC
1745,1621,Limitation,386-396,GPE
1745,1621,Colonies,457-465,GPE
1745,1621,Cambridge,1214-1223,GPE
1746,1621,London,747-753,GPE
1746,1621,England,1147-1154,GPE
1746,1621,Virginia,2057-2065,GPE
1746,1621,Virginia,2191-2199,GPE
1747,1621,Cambridge,148-157,GPE
1747,1621,Virginia,297-305,GPE
1747,1621,Virginia,1183-1191,GPE
1748,1621,Allmyghty,468-477,GPE
1749,1621,Virginia,492-500,GPE
1749,1621,London,505-511,GPE
1749,1621,Virginia,587-595,GPE
1749,1621,CLXXVII,600-607,GPE
1749,1621,Cambridge,708-717,GPE
1749,1621,Virginia,858-866,GPE
1749,1621,Sea,949-952,LOC
1750,1621,VIRGINIA,67-75,GPE
1750,1621,England,442-449,GPE
1750,1621,Virginia,592-600,GPE
1750,1621,Sea,1022-1025,LOC
1750,1621,the Kingdome of Virginia,1646-1670,GPE
1750,1621,Virginia,1989-1997,GPE
1751,1621,Virginia,182-190,GPE
1751,1621,Virginia,272-280,GPE
1751,1621,England,484-491,GPE
1751,1621,Holland,495-502,GPE
1751,1621,Ireland,506-513,GPE
1751,1621,England,1011-1018,GPE
1751,1621,France,1262-1268,GPE
1751,1621,Ireland,1273-1280,GPE
1751,1621,England France,1324-1338,GPE
1751,1621,Ireland,1343-1350,GPE
1751,1621,Scotland,1365-1373,GPE
1751,1621,England,1811-1818,GPE
1751,1621,Virginia,1961-1969,GPE
1752,1621,Sea,303-306,LOC
1752,1621,France,628-634,GPE
1752,1621,Ireland,639-646,GPE
1752,1621,England France,690-704,GPE
1752,1621,Ireland,709-716,GPE
1752,1621,Scotland,739-747,GPE
1752,1621,Cambridge,898-907,GPE
1752,1621,Southampton,993-1004,GPE
1752,1621,Virginia,1019-1027,GPE
1753,1621,Virginia,369-377,GPE
1753,1621,VIRGINIA,717-725,GPE
1753,1621,Washington,837-847,GPE
1753,1621,Virginia,957-965,GPE
1753,1621,Virginia,1132-1140,GPE
1754,1621,England,1081-1088,GPE
1754,1621,Virginia,2197-2205,GPE
1755,1621,Captaine,197-205,GPE
1755,1621,the Coast of the West Indies,257-285,LOC
1755,1621,accesse,429-436,GPE
1755,1621,the Coast of Virginia,470-491,LOC
1755,1621,Savages,1379-1386,LOC
1755,1621,Towne,1635-1640,GPE
1756,1621,Encreased,130-139,GPE
1756,1621,Captaine,1222-1230,GPE
1756,1621,Virginia,2170-2178,GPE
1757,1621,Burroughs,1820-1829,GPE
1758,1621,Colonies,1023-1031,GPE
1758,1621,Colonies,1147-1155,GPE
1758,1621,Carefull,1176-1184,LOC
1759,1621,Curing,1100-1106,GPE
1759,1621,Seasons,1245-1252,LOC
1760,1621,England,854-861,GPE
1760,1621,Virginia,868-876,GPE
1760,1621,Virginia,908-916,GPE
1761,1621,Virginia,1591-1599,GPE
1762,1621,Virginia,133-141,GPE
1762,1621,Shipping,282-290,GPE
1762,1621,Virginia,491-499,GPE
1762,1621,Virginia,1074-1082,GPE
1762,1621,Lands,2279-2284,GPE
1763,1621,Virginia,102-110,GPE
1763,1621,Colonies,177-185,GPE
1763,1621,England,1224-1231,GPE
1764,1621,Virginia,206-214,GPE
1765,1621,Negative voyce,1166-1180,LOC
1765,1621,Virginia,2201-2209,GPE
1766,1621,the sea Coast,256-269,LOC
1766,1621,Virginia,1632-1640,GPE
1767,1621,England,210-217,GPE
1767,1621,Scotland,218-226,GPE
1767,1621,France,227-233,GPE
1767,1621,Ireland,238-245,GPE
1767,1621,England France,290-304,GPE
1767,1621,Ireland,309-316,GPE
1767,1621,Scotland,336-344,GPE
1767,1621,VIRGINIA,648-656,GPE
1767,1621,Washington,767-777,GPE
1767,1621,England,869-876,GPE
1767,1621,Virginia,907-915,GPE
1767,1621,the City of London,1050-1068,GPE
1767,1621,Virginia,1093-1101,GPE
1767,1621,Virginia,1252-1260,GPE
1768,1681,Virginia,392-400,GPE
1768,1681,Chosen,636-642,GPE
1768,1681,Virginia,897-905,GPE
1768,1681,Virginia,991-999,GPE
1768,1681,Assemblie,2483-2492,GPE
1769,1681,England,1102-1109,GPE
1769,1681,Maᵗˢ,1413-1417,LOC
1769,1681,& Ireland,1783-1792,GPE
1769,1681,Scotland,1842-1850,GPE
1769,1681,Scotland,1873-1881,GPE
1770,1621,Virginia,86-94,GPE
1770,1621,Washington,209-219,GPE
1770,1621,Virginia,317-325,GPE
1770,1621,Elizabeth City,1767-1781,GPE
1770,1621,Chirurgery,2013-2023,GPE
1771,1621,Sea,1447-1450,LOC
1771,1621,Tenants,1789-1796,GPE
1771,1621,Debts,2392-2397,GPE
1773,1621,Earth,417-422,LOC
1773,1621,Irland,1935-1941,GPE
1773,1621,Shipp,2223-2228,GPE
1773,1621,the Sea Coast,2380-2393,LOC
1775,1621,Virginia,1462-1470,GPE
1776,1621,Almightie,110-119,GPE
1776,1621,London,121-127,GPE
1776,1621,Loving,341-347,GPE
1776,1621,Virginia,404-412,GPE
1776,1621,Virginia,436-444,GPE
1776,1621,VIRGINIA,507-515,GPE
1776,1621,London,608-614,GPE
1776,1621,Virginia,725-733,GPE
1776,1621,Highnes,787-794,GPE
1776,1621,Virginia,988-996,GPE
1776,1621,Virginia,1209-1217,GPE
1777,1621,protec̄on,94-103,LOC
1777,1621,Virginia,291-299,GPE
1777,1621,Virginia,994-1002,GPE
1777,1621,Englishe,1173-1181,GPE
1777,1621,Frenche,1596-1603,GPE
1777,1621,Washington,1835-1845,GPE
1777,1621,Virginia,1936-1944,GPE
1778,1621,Virginia,384-392,GPE
1778,1621,Boroughs,1333-1341,GPE
1778,1621,Virginia,1486-1494,GPE
1778,1621,Southampton,2348-2359,GPE
1778,1621,Soyle,2554-2559,LOC
1779,1621,Shipp,2430-2435,GPE
1780,1621,Henerico,100-108,GPE
1780,1621,Shipp,1942-1947,GPE
1781,1621,Cape,2002-2006,LOC
1781,1621,Cape Marchant,2159-2172,GPE
1781,1621,Shipwright,2342-2352,GPE
1782,1621,Januarie,154-162,GPE
1782,1621,London,1416-1422,GPE
1782,1621,Virginia,2242-2250,GPE
1782,1621,Frenchmen,2361-2370,GPE
1783,1621,Virginia,51-59,GPE
1783,1621,Virginia,778-786,GPE
1783,1621,Virginia,878-886,GPE
1783,1621,Companie,928-936,GPE
1783,1621,Virginia,941-949,GPE
1783,1621,Virginia,1148-1156,GPE
1784,1621,Virginia,70-78,GPE
1784,1621,England,416-423,GPE
1784,1621,Ma'ties,649-656,GPE
1784,1621,Wittnesse,1249-1258,GPE
1784,1621,England,1486-1493,GPE
1784,1621,Ireland,1507-1514,GPE
1784,1621,Scotland,1522-1530,GPE
1784,1621,Virginia,1944-1952,GPE
1784,1621,Companie,2004-2012,GPE
1784,1621,Virginia,2017-2025,GPE
1784,1621,Virginia,2201-2209,GPE
1785,1621,Virginia,641-649,GPE
1785,1621,England,1800-1807,GPE
1785,1621,France,1809-1815,GPE
1785,1621,Ireland,1821-1828,GPE
1785,1621,Scotland,1836-1844,GPE
1785,1621,the City of London,2173-2191,GPE
1785,1621,Virginia,2216-2224,GPE
1786,1621,Virginia,230-238,GPE
1786,1621,Virginia,1046-1054,GPE
1786,1621,Companie,1364-1372,GPE
1786,1621,Warwicke,1416-1424,GPE
1786,1621,Wittnesse,1730-1739,GPE
1786,1621,England,1904-1911,GPE
1786,1621,France,1913-1919,GPE
1786,1621,Ireland,1924-1931,GPE
1786,1621,Scotland,1939-1947,GPE
1787,1621,Washington,231-241,GPE
1787,1621,Shipp,445-450,GPE
1787,1621,Southampton,847-858,GPE
1787,1621,London,883-889,GPE
1787,1621,Dutie,1141-1146,LOC
1787,1621,Invoice,1913-1920,GPE
1788,1621,Warwicke,73-81,GPE
1788,1621,Virginia,227-235,GPE
1789,1621,Holland,601-608,GPE
1790,1621,Virginia,1229-1237,GPE
1791,1621,Virginia,571-579,GPE
1791,1621,Comand,1091-1097,GPE
1791,1621,Virginia,1559-1567,GPE
1791,1621,Virginia,1658-1666,GPE
1792,1621,Virginia,694-702,GPE
1792,1621,Virginia,1409-1417,GPE
1792,1621,Downes,1670-1676,LOC
1792,1621,Port,1747-1751,LOC
1792,1621,London,1969-1975,GPE
1792,1621,Loving,2012-2018,GPE
1793,1621,Cambridge,244-253,GPE
1793,1621,the East Indya,424-438,LOC
1793,1621,China,611-616,GPE
1793,1621,fewe,634-638,GPE
1793,1621,Came,739-743,GPE
1793,1621,England,749-756,GPE
1793,1621,Contynewe,1456-1465,GPE
1793,1621,Towne,1624-1629,GPE
1793,1621,Deale,1940-1945,GPE
1793,1621,Norborne,2154-2162,GPE
1794,1621,Cambridge,146-155,GPE
1794,1621,Virginia,462-470,GPE
1794,1621,London,922-928,GPE
1795,1621,London,778-784,GPE
1795,1621,Crowne,1193-1199,GPE
1795,1621,Virginia,1269-1277,GPE
1796,1621,Virginia,233-241,GPE
1796,1621,Cambridge,1548-1557,GPE
1797,1621,East India,80-90,LOC
1797,1621,Southampton,289-300,GPE
1797,1621,Silk,1033-1037,LOC
1797,1621,Coes,1078-1082,GPE
1797,1621,Virginia,1211-1219,GPE
1797,1621,Horsebread,1393-1403,GPE
1797,1621,London,1830-1836,GPE
1798,1621,Virginia,269-277,GPE
1798,1621,America,332-339,GPE
1798,1621,Virginia,441-449,GPE
1798,1621,Virginia,660-668,GPE
1798,1621,Virginia,785-793,GPE
1798,1621,Virginia,1238-1246,GPE
1798,1621,the Sea coast,1565-1578,LOC
1798,1621,Virginia,1582-1590,GPE
1798,1621,Coast,1696-1701,LOC
1798,1621,the Colonies of Virginia,2029-2053,LOC
1799,1621,homewarde,683-692,GPE
1799,1621,Wittnesse,834-843,GPE
1799,1621,Virginia,954-962,GPE
1799,1621,England,1061-1068,GPE
1799,1621,Ireland,1081-1088,GPE
1799,1621,Scotland,1096-1104,GPE
1799,1621,the Coast of America,1563-1583,LOC
1799,1621,Virginia,1635-1643,GPE
1799,1621,Companie,1715-1723,GPE
1799,1621,Virginia,1728-1736,GPE
1800,1621,the Sea Coast,25-38,LOC
1800,1621,Coast,159-164,LOC
1800,1621,Colonies,492-500,GPE
1800,1621,Virginia,505-513,GPE
1800,1621,Ma'ties,970-977,GPE
1800,1621,Ma'tie,1256-1262,GPE
1800,1621,Wittnesse,1615-1624,GPE
1800,1621,Virginia,1751-1759,GPE
1800,1621,England,1893-1900,GPE
1800,1621,Ireland,1913-1920,GPE
1800,1621,Scotland,1928-1936,GPE
1801,1621,Virginia,72-80,GPE
1801,1621,Virginia,306-314,GPE
1801,1621,Voyadge,340-347,GPE
1801,1621,Virginia,351-359,GPE
1801,1621,the Coast of America,387-407,LOC
1801,1621,Virginia,501-509,GPE
1801,1621,Virginia,719-727,GPE
1801,1621,Virginia,848-856,GPE
1801,1621,Virginia,1318-1326,GPE
1801,1621,the Sea coast,1644-1657,LOC
1801,1621,Virginia,1661-1669,GPE
1801,1621,Coast,1796-1801,LOC
1801,1621,Virginia,2134-2142,GPE
1802,1621,Contrary,193-201,LOC
1802,1621,England,1293-1300,GPE
1802,1621,Ireland,1313-1320,GPE
1802,1621,Scotland,1343-1351,GPE
1802,1621,Virginia,1861-1869,GPE
1803,1621,Virginia,372-380,GPE
1803,1621,England,771-778,GPE
1803,1621,Virginia,1329-1337,GPE
1803,1621,Virginia,1429-1437,GPE
1803,1621,Virginia,1750-1758,GPE
1804,1621,Virginia,1199-1207,GPE
1804,1621,Virginia,1321-1329,GPE
1804,1621,Virginia,1448-1456,GPE
1804,1621,Virginia,1991-1999,GPE
1805,1621,Virginia,39-47,GPE
1805,1621,Virginia,1100-1108,GPE
1805,1621,Virginia,1472-1480,GPE
1806,1621,Virginia,670-678,GPE
1806,1621,Virginia,787-795,GPE
1806,1621,Virginia,847-855,GPE
1806,1621,England,959-966,GPE
1806,1621,England,1238-1245,GPE
1806,1621,Virginia,1351-1359,GPE
1806,1621,Virginia,1618-1626,GPE
1807,1621,Virginia,852-860,GPE
1807,1621,London,868-874,GPE
1807,1621,Virginia,1144-1152,GPE
1807,1621,Virginia,1281-1289,GPE
1807,1621,River,1891-1896,LOC
1807,1621,Tradeing,1915-1923,GPE
1807,1621,Pyratts,1949-1956,GPE
1807,1621,necessarye,2017-2027,GPE
1807,1621,Virginia,2362-2370,GPE
1808,1621,Cause,419-424,GPE
1808,1621,Chancerye,430-439,GPE
1808,1621,Virginia,1944-1952,GPE
1809,1621,Thadventurers,713-726,GPE
1809,1621,Paules,1211-1217,GPE
1809,1621,Virginia,1656-1664,GPE
1810,1621,Virginia,57-65,GPE
1810,1621,Virginia,302-310,GPE
1810,1621,the Coast of America,379-399,LOC
1810,1621,Virginia,421-429,GPE
1810,1621,Companie,510-518,GPE
1810,1621,Virginia,523-531,GPE
1810,1621,Southampton,587-598,GPE
1810,1621,Virginia,940-948,GPE
1810,1621,England,1050-1057,GPE
1810,1621,Captaine,1169-1177,GPE
1810,1621,Virginia,1692-1700,GPE
1810,1621,Nouembᵉʳ,1715-1723,GPE
1810,1621,England,1807-1814,GPE
1810,1621,& Ireland,1823-1832,GPE
1810,1621,Scotland,1840-1848,GPE
1811,1621,VIRGINIA,116-124,GPE
1811,1621,Washington,238-248,GPE
1811,1621,Adventures,1435-1445,GPE
1811,1621,Furrs,1503-1508,GPE
1812,1621,Interpreters,949-961,GPE
1812,1621,Virginia,1096-1104,GPE
1812,1621,Counsel,1718-1725,GPE
1813,1621,Warwick,396-403,GPE
1813,1621,London,535-541,GPE
1813,1621,Virginia,653-661,GPE
1813,1621,VIRGINIA,749-757,GPE
1813,1621,Washington,918-928,GPE
1813,1621,River,1492-1497,LOC
1813,1621,Virginia,1619-1627,GPE
1814,1621,Cambridge,131-140,GPE
1814,1621,the East India,1039-1053,LOC
1814,1621,London,1896-1902,GPE
1815,1621,VIRGINIA,113-121,GPE
1815,1621,Washington,239-249,GPE
1815,1621,Amsterdam,476-485,GPE
1815,1621,Virginia,792-800,GPE
1816,1621,Shipwrights,371-382,GPE
1816,1621,Virginia,1605-1613,GPE
1816,1621,Virginia,1746-1754,GPE
1817,1621,Shipp,969-974,GPE
1818,1621,Southwest,622-631,LOC
1818,1621,Virginia,1724-1732,GPE
1819,1621,Loving,119-125,GPE
1819,1621,London,285-291,GPE
1819,1621,Cambridge,436-445,GPE
1819,1621,Sea,647-650,LOC
1820,1621,Monsieur,801-809,GPE
1820,1621,Virginia,997-1005,GPE
1820,1621,London,1150-1156,GPE
1820,1621,Virginia,1182-1190,GPE
1820,1621,Washington,1332-1342,GPE
1820,1621,Virginia,1412-1420,GPE
1820,1621,Virginia,1531-1539,GPE
1820,1621,Virginia,1706-1714,GPE
1820,1621,Ryuers Creeks,1849-1862,GPE
1821,1621,Virginia,808-816,GPE
1821,1621,& Ireland,1160-1169,GPE
1821,1621,Scotland,1203-1211,GPE
1821,1621,Virginia,1357-1365,GPE
1822,1621,Virginia,595-603,GPE
1822,1621,VIRGINIA,1423-1431,GPE
1822,1621,the Cape of Good Hope,1785-1806,LOC
1823,1621,Virginia,67-75,GPE
1823,1621,Massam,518-524,GPE
1824,1621,Southampton,1232-1243,GPE
1824,1621,Virginia,1275-1283,GPE
1824,1621,Nouem,1343-1348,GPE
1825,1621,Apprentices,537-548,GPE
1825,1621,The East India Schoole,921-943,LOC
1825,1621,East India Companies,958-978,LOC
1825,1621,Collegiat,1149-1158,GPE
1825,1621,Virginia,1222-1230,GPE
1825,1621,Virginia,1569-1577,GPE
1825,1621,London,2340-2346,GPE
1826,1621,Virginia,427-435,GPE
1826,1621,League,504-510,GPE
1826,1621,Virginia,770-778,GPE
1826,1621,the South Sea,888-901,LOC
1826,1621,Virginia,1182-1190,GPE
1826,1621,London,1230-1236,GPE
1826,1621,South,1315-1320,LOC
1826,1621,Pauls,1330-1335,GPE
1826,1621,Virginia,1454-1462,GPE
1827,1621,VIRGINIA,2080-2088,GPE
1827,1621,League,2157-2163,GPE
1828,1621,Virginia,68-76,GPE
1828,1621,Bookes,1086-1092,GPE
1828,1621,Virginia,1292-1300,GPE
1828,1621,Cape Florida,1749-1761,LOC
1828,1621,Coast,1795-1800,LOC
1828,1621,Sixt,2099-2103,LOC
1828,1621,Colonies,2399-2407,GPE
1828,1621,Crowne,2477-2483,GPE
1829,1621,Kingdome,529-537,GPE
1829,1621,Virginia,541-549,GPE
1829,1621,Country,646-653,GPE
1829,1621,Virginia,657-665,GPE
1829,1621,Woods,873-878,GPE
1829,1621,Earth,1406-1411,LOC
1829,1621,Russia,1600-1606,GPE
1829,1621,Virginia,1623-1631,GPE
1829,1621,Plancks,1694-1701,GPE
1829,1621,Norway,1814-1820,GPE
1829,1621,Denmarke,1822-1830,GPE
1829,1621,Poland,1832-1838,GPE
1829,1621,Germany,1844-1851,GPE
1829,1621,English Woods,1920-1933,LOC
1829,1621,Virginia,2011-2019,GPE
1829,1621,Woods,2038-2043,GPE
1829,1621,Salt of,2204-2211,GPE
1829,1621,France,2212-2218,GPE
1829,1621,Persia,2245-2251,GPE
1829,1621,Italy,2256-2261,GPE
1829,1621,Virginia,2283-2291,GPE
1830,1621,Woods,41-46,GPE
1830,1621,Gummes,58-64,GPE
1830,1621,Cotton,97-103,GPE
1830,1621,Sugar-Canes,128-139,GPE
1830,1621,Virginia,406-414,GPE
1830,1621,England,915-922,GPE
1830,1621,Kingdome,1320-1328,GPE
1830,1621,Rockes,2236-2242,GPE
1830,1621,Sholes,2246-2252,GPE
1831,1621,Virginia,20-28,GPE
1831,1621,England,384-391,GPE
1831,1621,Ireland,396-403,GPE
1831,1621,Sea,467-470,LOC
1831,1621,VIRGINIA,772-780,GPE
1831,1621,Cattell,922-929,GPE
1831,1621,VIRGINIA,1276-1284,GPE
1831,1621,VIRGINIA,1833-1841,GPE
1831,1621,Pomgranats,2418-2428,GPE
1831,1621,Cotton,2444-2450,GPE
1831,1621,Pocoon,2465-2471,GPE
1831,1621,Indico,2473-2479,GPE
1831,1621,Sugar,2481-2486,GPE
1832,1621,VIRGINIA,496-504,GPE
1832,1621,Cotton,740-746,GPE
1832,1621,Cambaya,762-769,LOC
1832,1621,Bengala,774-781,GPE
1832,1621,Grogeram,882-890,GPE
1832,1621,Europe,1097-1103,LOC
1832,1621,Cotton,1153-1159,GPE
1832,1621,VIRGINIA,1294-1302,GPE
1832,1621,the River of Patomack,1588-1609,LOC
1832,1621,West,1771-1775,LOC
1832,1621,Sea,1852-1855,LOC
1832,1621,Savages,2255-2262,LOC
1832,1621,VIRGINIA,2266-2274,GPE
1832,1621,Sea,2281-2284,LOC
1832,1621,West,2304-2308,LOC
1833,1621,Bay,43-46,LOC
1833,1621,South,112-117,LOC
1833,1621,North,122-127,LOC
1833,1621,the South Sea,200-213,LOC
1833,1621,China,421-426,GPE
1833,1621,Iapan,428-433,GPE
1833,1621,Kingdome,506-514,GPE
1833,1621,Sea,592-595,LOC
1833,1621,the County of Glocester,886-909,GPE
1833,1621,VIRGINIA,1055-1063,GPE
1833,1621,VIRGINIA,1567-1575,GPE
1833,1621,Vines,2099-2104,GPE
1834,1621,England,294-301,GPE
1834,1621,Earth,884-889,LOC
1834,1621,Turkey,975-981,GPE
1834,1621,VIRGINIA,2205-2213,GPE
1834,1621,Nouember,2248-2256,GPE
1834,1621,VIRGINIA,2275-2283,GPE
1835,1621,Brasse,130-136,GPE
1835,1621,Peece,575-580,GPE
1835,1621,Fowle,613-618,GPE
1835,1621,Colonies,1198-1206,GPE
1835,1621,Christianitie,1378-1391,GPE
1836,1621,Breakfast,323-332,GPE
1837,1621,VIRGINIA,224-232,GPE
1837,1621,Pagan,1890-1895,GPE
1837,1621,Principles,1924-1934,GPE
1838,1621,Riuer,1748-1753,GPE
1839,1621,Pamounkey,539-548,GPE
1839,1621,Sea,1347-1350,LOC
1839,1621,Woods,2230-2235,GPE
1839,1621,Corne,2354-2359,GPE
1841,1621,Haruest,311-318,GPE
1841,1621,Peece,1278-1283,GPE
1841,1621,Peece,1302-1307,GPE
1842,1621,Young,1096-1101,GPE
1842,1621,Swine,1136-1141,GPE
1842,1621,tenne,1193-1198,GPE
1842,1621,Fowle,1303-1308,GPE
1842,1621,Victorie,1852-1860,GPE
1843,1621,Peru,753-757,GPE
1843,1621,Mexico,767-773,GPE
1843,1621,Peru,868-872,GPE
1843,1621,Attabalippa,885-896,LOC
1843,1621,Peru,1144-1148,GPE
1843,1621,Tributes,1443-1451,GPE
1843,1621,VIRGINIA,1469-1477,GPE
1844,1621,Kingdome,1744-1752,GPE
1844,1621,the Honourable City of London,1824-1853,GPE
1845,1621,Rome,348-352,GPE
1845,1621,Columbus,644-652,GPE
1845,1621,Nigua,2143-2148,GPE
1846,1621,Columbus,150-158,GPE
1846,1621,Vasco,419-424,GPE
1846,1621,Blasco,438-444,GPE
1846,1621,King,1438-1442,LOC
1846,1621,the West Indies,1685-1700,GPE
1846,1621,Hispaniola,2182-2192,GPE
1846,1621,Continent,2408-2417,LOC
1846,1621,Island,2428-2434,GPE
1846,1621,Island,2450-2456,GPE
1847,1621,VIRGINIA,71-79,GPE
1847,1621,the West Indies,267-282,GPE
1847,1621,the West Indies,2355-2370,GPE
1848,1621,the West Indies,1499-1514,GPE
1848,1621,Sugars,1545-1551,GPE
1848,1621,Indico,1719-1725,GPE
1848,1621,Cotton,1733-1739,GPE
1848,1621,Petacaraua,1880-1890,GPE
1848,1621,Perfumes,1939-1947,GPE
1848,1621,Sarsaparillia,1955-1968,GPE
1848,1621,West Indies,2195-2206,GPE
1848,1621,Virginia,2518-2526,GPE
1849,1621,VIRGINIA,1143-1151,GPE
1849,1621,Midsummer,1211-1220,GPE
1849,1621,VIRGINIA,2562-2570,GPE
1850,1621,VIRGINIA,323-331,GPE
1850,1621,Henrico,1111-1118,GPE
1851,1621,Childe,774-780,GPE
1852,1621,Childe,212-218,GPE
1853,1621,River,389-394,LOC
1854,1621,Buckingham,143-153,GPE
1854,1621,Powle,348-353,GPE
1854,1621,Powle,374-379,GPE
1854,1621,Esq,381-384,GPE
1855,1621,Childe,715-721,GPE
1855,1621,Mulberry Island,1116-1131,LOC
1855,1621,Childe,1167-1173,GPE
1856,1621,Childe,931-937,GPE
1856,1621,Maid,941-945,GPE
1857,1621,THE SOUTH SEA,76-89,LOC
1857,1621,Europe,1350-1356,LOC
1857,1621,Europe,1956-1962,LOC
1858,1621,Florida,114-121,GPE
1858,1621,New England,166-177,LOC
1858,1621,East,185-189,LOC
1858,1621,the Indian Ocean,404-420,LOC
1858,1621,the South Sea,446-459,LOC
1858,1621,West,480-484,LOC
1858,1621,North west,489-499,LOC
1858,1621,VIRGINIA,508-516,GPE
1858,1621,Mountains,543-552,LOC
1858,1621,China,621-626,GPE
1858,1621,Japan,628-633,GPE
1858,1621,Moluccas,643-651,GPE
1858,1621,New Spaine,665-675,GPE
1858,1621,Peru,677-681,GPE
1858,1621,Cape,965-969,LOC
1858,1621,Florida,973-980,GPE
1858,1621,Henrico City,1010-1022,GPE
1858,1621,Bay,1312-1315,LOC
1858,1621,Hudson,1322-1328,LOC
1858,1621,Derbishire,1421-1431,GPE
1858,1621,Scotland,1437-1445,GPE
1858,1621,the East Germane Ocean,1494-1516,LOC
1858,1621,Alpes,1574-1579,GPE
1858,1621,Switzerland,1583-1594,GPE
1858,1621,the North Germane Ocean,1678-1701,LOC
1858,1621,the Mediterrane Sea,1724-1743,LOC
1858,1621,the Po South,1749-1761,LOC
1858,1621,the Adriatike Sea,1767-1784,LOC
1858,1621,Hudson,1801-1807,LOC
1858,1621,Bay,2207-2210,LOC
1858,1621,the Westerne Sea,2236-2252,LOC
1858,1621,Westerly,2381-2389,GPE
1858,1621,Sea,2442-2445,LOC
1858,1621,the Cape of California,2508-2530,LOC
1859,1621,Island,109-115,GPE
1859,1621,London,143-149,GPE
1859,1621,Holland,166-173,GPE
1859,1621,Sea,185-188,LOC
1859,1621,Quiuira,496-503,GPE
1859,1621,the North Pole,983-997,LOC
1859,1621,Sea,1054-1057,LOC
1859,1621,West Northwest,1165-1179,GPE
1859,1621,the South Cape,1194-1208,LOC
1859,1621,California,1212-1222,GPE
1859,1621,Westerne Ocean,1697-1711,GPE
1859,1621,North,1817-1822,LOC
1859,1621,Sea,2029-2032,LOC
1859,1621,West,2053-2057,LOC
1859,1621,Columbus,2224-2232,GPE
1860,1621,the South Sea,253-266,LOC
1860,1621,East,275-279,LOC
1860,1621,West Indies,284-295,GPE
1860,1621,the South Sea,316-329,LOC
1860,1621,Florida,472-479,GPE
1860,1621,Canada,484-490,GPE
1860,1621,Sea,577-580,LOC
1860,1621,Kingdome,848-856,GPE
1860,1621,Soueraigne,1002-1012,GPE
1860,1621,Virginia,1334-1342,GPE
1860,1621,VIRGINIA,1509-1517,GPE
1861,1621,London,532-538,GPE
1861,1621,VIRGINIA,601-609,GPE
1861,1621,VIRGINIA,1160-1168,GPE
1861,1621,the East Indie Schoole,1240-1262,LOC
1861,1621,Virginia,1771-1779,GPE
1861,1621,America,1948-1955,GPE
1861,1621,VIRGINIA,2183-2191,GPE
1862,1621,the Cape of Bona Speranza,133-158,LOC
1862,1621,VIRGINIA,235-243,GPE
1862,1621,England,381-388,GPE
1862,1621,Virginia,392-400,GPE
1862,1621,Virginia,872-880,GPE
1862,1621,Virginia,1343-1351,GPE
1862,1621,Sea,1429-1432,LOC
1863,1621,Peece,317-322,GPE
1863,1621,Pistoll,479-486,GPE
1864,1621,Sea,68-71,LOC
1864,1621,Virginia,658-666,GPE
1864,1621,London,851-857,GPE
1865,1621,London,188-194,GPE
1865,1621,Virginia,480-488,GPE
1865,1621,Kingdom,842-849,GPE
1865,1621,Country,1781-1788,GPE
1866,1621,Virginia,150-158,GPE
1866,1621,Virginia,547-555,GPE
1866,1621,Virginia,689-697,GPE
1867,1621,Virginia,263-271,GPE
1867,1621,Virginia,555-563,GPE
1868,1621,Bt,151-153,GPE
1869,1621,Virginia,364-372,GPE
1869,1621,LONDON,404-410,GPE
1869,1621,Washington,524-534,GPE
1869,1621,London,628-634,GPE
1869,1621,Assemblie,1040-1049,GPE
1869,1621,Vines,1104-1109,GPE
1870,1621,Barlie,352-358,GPE
1870,1621,Barlie,675-681,GPE
1870,1621,Chaffe,704-710,LOC
1870,1621,Apparell,1710-1718,GPE
1871,1621,the Moste Comodius,2078-2096,LOC
1872,1621,Children,1221-1229,LOC
1872,1621,Prentice,2001-2009,GPE
1872,1621,England,2026-2033,GPE
1873,1621,Lande,339-344,GPE
1873,1621,Comissione,714-724,GPE
1873,1621,butt,2052-2056,GPE
1874,1621,Tobacco,636-643,GPE
1874,1621,England,1062-1069,GPE
1874,1621,Commodities,1076-1087,GPE
1874,1621,Centum,1119-1125,GPE
1874,1621,Sea,1305-1308,LOC
1874,1621,Potash,2230-2236,GPE
1875,1621,Sr,75-77,GPE
1875,1621,Pembrooke,1171-1180,GPE
1875,1621,Assocyates,1338-1348,GPE
1875,1621,Ireland,1464-1471,GPE
1875,1621,England,1560-1567,GPE
1875,1621,Ireland,1943-1950,GPE
1875,1621,Shipwrightes,2082-2094,GPE
1877,1621,the Chickahominy River,225-247,LOC
1877,1621,Goates,520-526,GPE
1877,1621,VIRGINIA,1674-1682,GPE
1877,1621,Washington,1795-1805,GPE
1878,1621,Virginia,37-45,GPE
1879,1621,Companie,267-275,GPE
1879,1621,Virginia,280-288,GPE
1879,1621,Virginia,356-364,GPE
1879,1621,Tunne,555-560,GPE
1879,1621,Virginia,620-628,GPE
1879,1621,Virginia,828-836,GPE
1879,1621,Virginia,1163-1171,GPE
1879,1621,James River,1304-1315,LOC
1879,1621,the Kingdome of Virginia,1319-1343,GPE
1879,1621,England,1484-1491,GPE
1880,1621,Virginia,287-295,GPE
1880,1621,England,422-429,GPE
1880,1621,Ireland,443-450,GPE
1880,1621,Scotland,458-466,GPE
1880,1621,Scotland,971-979,GPE
1880,1621,Fraunce,981-988,GPE
1880,1621,Ireland,993-1000,GPE
1880,1621,England,1047-1054,GPE
1880,1621,Ireland,1068-1075,GPE
1880,1621,Scotland,1098-1106,GPE
1880,1621,Virginia,1238-1246,GPE
1882,1621,Virginia,201-209,GPE
1882,1621,Warwicke,808-816,GPE
1882,1621,Virginia,1095-1103,GPE
1882,1621,Towne,1370-1375,GPE
1882,1621,Virginia,1501-1509,GPE
1882,1621,Virginia,1948-1956,GPE
1882,1621,Towne,2275-2280,GPE
1883,1621,Pacomunky,159-168,GPE
1883,1621,Children,875-883,LOC
1883,1621,Companie,973-981,GPE
1883,1621,Companie,1328-1336,GPE
1883,1621,Virginia,1550-1558,GPE
1884,1621,Payinge,1721-1728,LOC
1884,1621,Virginia,2016-2024,GPE
1884,1621,Companie,2190-2198,GPE
1884,1621,Virginia,2432-2440,GPE
1885,1621,Virginia,316-324,GPE
1885,1621,Incorporation,615-628,GPE
1885,1621,England,1164-1171,GPE
1885,1621,Virginia,1743-1751,GPE
1885,1621,Virginia,1827-1835,GPE
1885,1621,Englishe,1998-2006,GPE
1886,1621,Virginia,116-124,GPE
1886,1621,Wittnesse,1019-1028,GPE
1886,1621,Seale,1290-1295,GPE
1887,1622,London,333-339,GPE
1887,1622,Januarie,346-354,GPE
1887,1622,Traffique,431-440,GPE
1887,1622,Virginia,481-489,GPE
1887,1622,London,699-705,GPE
1887,1622,Virginia,822-830,GPE
1888,1622,Consideračon,2136-2148,GPE
1889,1622,vnpayde,338-345,GPE
1889,1622,Tobacco,391-398,GPE
1889,1622,Howbeit,1094-1101,GPE
1889,1622,Virginia,1671-1679,GPE
1889,1622,Co'te,1962-1967,GPE
1889,1622,Companie,2278-2286,GPE
1889,1622,Howbeit,2288-2295,GPE
1890,1622,Mondayes,2123-2131,GPE
1891,1621,the Sumer Islands,792-809,LOC
1891,1621,the Sumer Islands,1252-1269,LOC
1892,1621,Virginia,297-305,GPE
1892,1621,Virginia,778-786,GPE
1892,1621,Cambridge,928-937,GPE
1892,1621,London,1795-1801,GPE
1893,1682,England,810-817,GPE
1893,1682,Virginia,926-934,GPE
1893,1682,England,1116-1123,GPE
1893,1682,Virginia,1192-1200,GPE
1894,1682,Virginia,76-84,GPE
1894,1682,Virginia,288-296,GPE
1894,1682,England,1049-1056,GPE
1894,1682,Virginia,1321-1329,GPE
1894,1682,London,1620-1626,GPE
1894,1682,Virginia,1775-1783,GPE
1894,1682,Corum,2368-2373,GPE
1894,1682,England,2430-2437,GPE
1895,1622,Co'te,23-28,GPE
1895,1622,Virginia,1813-1821,GPE
1895,1622,Virginia,1972-1980,GPE
1895,1622,England,2257-2264,GPE
1895,1622,Virginia,2308-2316,GPE
1896,1622,Virginia,544-552,GPE
1896,1622,Virginia,1383-1391,GPE
1897,1622,dutye,58-63,GPE
1897,1622,Virginia,242-250,GPE
1897,1622,consideraton,260-272,GPE
1897,1622,Virginia,589-597,GPE
1897,1622,Washington,741-751,GPE
1897,1622,Virginia,820-828,GPE
1897,1622,Death,1066-1071,GPE
1898,1622,Virginia,70-78,GPE
1898,1622,"Washington, D.C",220-235,GPE
1898,1622,Virginia,300-308,GPE
1898,1622,VIRGINIA,1017-1025,GPE
1898,1622,Washington,1157-1167,GPE
1898,1622,Captaine,1220-1228,GPE
1898,1622,Virginia,1241-1249,GPE
1899,1622,Virginia,44-52,GPE
1899,1622,Washington,191-201,GPE
1899,1622,Captaine,253-261,GPE
1899,1622,Virginia,274-282,GPE
1899,1622,Henerico Ileand,423-438,GPE
1899,1622,Henerico Ileand,506-521,GPE
1899,1622,Death,551-556,GPE
1899,1622,Virginia,1153-1161,GPE
1899,1622,LONDON,1199-1205,GPE
1899,1622,Washington,1327-1337,GPE
1900,1622,Januarie,152-160,GPE
1900,1622,Kickoghtan,1251-1261,GPE
1900,1622,Island,1503-1509,LOC
1900,1622,River,1571-1576,LOC
1901,1622,Bodies,1414-1420,GPE
1901,1622,Lande,1486-1491,GPE
1901,1622,Corne,2007-2012,GPE
1902,1622,Cattlle,102-109,LOC
1902,1622,Corne,871-876,GPE
1902,1622,Hazardous,1014-1023,GPE
1902,1622,Corne,1098-1103,GPE
1903,1622,Cambridge,587-596,GPE
1903,1622,Articles,860-868,GPE
1903,1622,England,1501-1508,GPE
1904,1622,Howbeit,284-291,GPE
1904,1622,LL,309-311,GPE
1904,1622,King,930-934,LOC
1904,1622,London,1597-1603,GPE
1904,1622,Cambridge,1716-1725,GPE
1905,1622,London,607-613,GPE
1905,1622,Cambridge,726-735,GPE
1906,1622,Northborne the—30 Aprill,977-1001,GPE
1906,1622,London,1106-1112,GPE
1906,1622,Virginia,1438-1446,GPE
1907,1622,viij⁰,654-659,GPE
1907,1622,Virginia,921-929,GPE
1907,1622,mij⁰,1134-1138,GPE
1907,1622,Virginia,1219-1227,GPE
1907,1622,vij⁰,1436-1440,GPE
